<?xml version="1.0" encoding="UTF-8"?>
<PeakList modified="2021-04-02T16:14:19">
  <PeakList1D>
    <PeakList1DHeader creator="arun" date="2021-04-02T16:14:19" expNo="15" name="Fouzia" owner="" procNo="1" source="/home/arun/Documents">
      <PeakPickDetails>F1=9.993474ppm, F2=9.984661ppm, MI=0.24cm, MAXI=0.29cm, PC=1.000
      </PeakPickDetails>
    </PeakList1DHeader>
  </PeakList1D>
  <PeakList1D>
    <PeakList1DHeader creator="arun" date="2021-04-02T16:14:19" expNo="15" name="Fouzia" owner="" procNo="1" source="/home/arun/Documents">
      <PeakPickDetails>F1=9.984661ppm, F2=9.799597ppm, MI=0.31cm, MAXI=0.42cm, PC=1.000
      </PeakPickDetails>
    </PeakList1DHeader>
    <Peak1D F1="9.899761" intensity="0.3812697" type="0"/>
  </PeakList1D>
  <PeakList1D>
    <PeakList1DHeader creator="arun" date="2021-04-02T16:14:19" expNo="15" name="Fouzia" owner="" procNo="1" source="/home/arun/Documents">
      <PeakPickDetails>F1=8.465391ppm, F2=8.399652ppm, MI=0.83cm, MAXI=1.79cm, PC=1.000
      </PeakPickDetails>
    </PeakList1DHeader>
    <Peak1D F1="8.451555" intensity="1.0058" type="0"/>
    <Peak1D F1="8.431376" intensity="1.054684" type="0"/>
    <Peak1D F1="8.420033" intensity="0.8922169" type="0"/>
    <Peak1D F1="8.409458" intensity="0.9455917" type="0"/>
  </PeakList1D>
  <PeakList1D>
    <PeakList1DHeader creator="arun" date="2021-04-02T16:14:19" expNo="15" name="Fouzia" owner="" procNo="1" source="/home/arun/Documents">
      <PeakPickDetails>F1=8.306232ppm, F2=8.265866ppm, MI=0.70cm, MAXI=1.65cm, PC=1.000
      </PeakPickDetails>
    </PeakList1DHeader>
    <Peak1D F1="8.286555" intensity="0.876663" type="0"/>
    <Peak1D F1="8.275519" intensity="0.9944118" type="0"/>
  </PeakList1D>
  <PeakList1D>
    <PeakList1DHeader creator="arun" date="2021-04-02T16:14:19" expNo="15" name="Fouzia" owner="" procNo="1" source="/home/arun/Documents">
      <PeakPickDetails>F1=8.230113ppm, F2=8.187441ppm, MI=0.46cm, MAXI=1.16cm, PC=1.000
      </PeakPickDetails>
    </PeakList1DHeader>
    <Peak1D F1="8.213428" intensity="0.8063651" type="0"/>
    <Peak1D F1="8.203166" intensity="0.8383758" type="0"/>
  </PeakList1D>
  <PeakList1D>
    <PeakList1DHeader creator="arun" date="2021-04-02T16:14:19" expNo="15" name="Fouzia" owner="" procNo="1" source="/home/arun/Documents">
      <PeakPickDetails>F1=8.103248ppm, F2=8.052502ppm, MI=0.75cm, MAXI=1.45cm, PC=1.000
      </PeakPickDetails>
    </PeakList1DHeader>
    <Peak1D F1="8.07951" intensity="1.085866" type="0"/>
    <Peak1D F1="8.068429" intensity="1.009326" type="0"/>
  </PeakList1D>
  <PeakList1D>
    <PeakList1DHeader creator="arun" date="2021-04-02T16:14:19" expNo="15" name="Fouzia" owner="" procNo="1" source="/home/arun/Documents">
      <PeakPickDetails>F1=7.837984ppm, F2=7.783777ppm, MI=0.26cm, MAXI=1.22cm, PC=1.000
      </PeakPickDetails>
    </PeakList1DHeader>
    <Peak1D F1="7.816279" intensity="0.3918377" type="0"/>
    <Peak1D F1="7.807311" intensity="0.6820955" type="0"/>
    <Peak1D F1="7.797239" intensity="0.4619567" type="0"/>
  </PeakList1D>
  <PeakList1D>
    <PeakList1DHeader creator="arun" date="2021-04-02T16:14:19" expNo="15" name="Fouzia" owner="" procNo="1" source="/home/arun/Documents">
      <PeakPickDetails>F1=7.735338ppm, F2=7.682285ppm, MI=0.27cm, MAXI=0.90cm, PC=1.000
      </PeakPickDetails>
    </PeakList1DHeader>
    <Peak1D F1="7.717143" intensity="0.5171883" type="0"/>
    <Peak1D F1="7.708065" intensity="0.736253" type="0"/>
    <Peak1D F1="7.698387" intensity="0.438287" type="0"/>
  </PeakList1D>
  <PeakList1D>
    <PeakList1DHeader creator="arun" date="2021-04-02T16:14:19" expNo="15" name="Fouzia" owner="" procNo="1" source="/home/arun/Documents">
      <PeakPickDetails>F1=7.603859ppm, F2=7.569259ppm, MI=4.00cm, MAXI=4.96cm, PC=1.000
      </PeakPickDetails>
    </PeakList1DHeader>
    <Peak1D F1="7.591544" intensity="4.457242" type="0"/>
  </PeakList1D>
  <PeakList1D>
    <PeakList1DHeader creator="arun" date="2021-04-02T16:14:19" expNo="15" name="Fouzia" owner="" procNo="1" source="/home/arun/Documents">
      <PeakPickDetails>F1=7.535813ppm, F2=7.487373ppm, MI=0.69cm, MAXI=1.49cm, PC=1.000
      </PeakPickDetails>
    </PeakList1DHeader>
    <Peak1D F1="7.519277" intensity="1.109859" type="0"/>
    <Peak1D F1="7.499062" intensity="1.058515" type="0"/>
  </PeakList1D>
  <PeakList1D>
    <PeakList1DHeader creator="arun" date="2021-04-02T16:14:19" expNo="15" name="Fouzia" owner="" procNo="1" source="/home/arun/Documents">
      <PeakPickDetails>F1=4.289464ppm, F2=4.268194ppm, MI=7.34cm, MAXI=7.68cm, PC=1.000
      </PeakPickDetails>
    </PeakList1DHeader>
  </PeakList1D>
  <PeakList1D>
    <PeakList1DHeader creator="arun" date="2021-04-02T16:14:19" expNo="15" name="Fouzia" owner="" procNo="1" source="/home/arun/Documents">
      <PeakPickDetails>F1=4.268194ppm, F2=4.215019ppm, MI=6.12cm, MAXI=7.09cm, PC=1.000
      </PeakPickDetails>
    </PeakList1DHeader>
    <Peak1D F1="4.248689" intensity="6.547905" type="0"/>
  </PeakList1D>
  <PeakList1D>
    <PeakList1DHeader creator="arun" date="2021-04-02T16:14:19" expNo="15" name="Fouzia" owner="" procNo="1" source="/home/arun/Documents">
      <PeakPickDetails>F1=3.970413ppm, F2=3.881788ppm, MI=14.21cm, MAXI=15.63cm, PC=1.000
      </PeakPickDetails>
    </PeakList1DHeader>
    <Peak1D F1="3.927794" intensity="15.0" type="0"/>
  </PeakList1D>
  <PeakList1D>
    <PeakList1DHeader creator="arun" date="2021-04-02T16:14:19" expNo="15" name="Fouzia" owner="" procNo="1" source="/home/arun/Documents">
      <PeakPickDetails>F1=3.481202ppm, F2=3.389031ppm, MI=0.08cm, MAXI=0.30cm, PC=1.000
      </PeakPickDetails>
    </PeakList1DHeader>
    <Peak1D F1="3.451249" intensity="0.09548251" type="0"/>
    <Peak1D F1="3.442534" intensity="0.2630342" type="0"/>
    <Peak1D F1="3.433786" intensity="0.2661663" type="0"/>
    <Peak1D F1="3.425064" intensity="0.09991163" type="0"/>
  </PeakList1D>
  <PeakList1D>
    <PeakList1DHeader creator="arun" date="2021-04-02T16:14:19" expNo="15" name="Fouzia" owner="" procNo="1" source="/home/arun/Documents">
      <PeakPickDetails>F1=3.367761ppm, F2=3.286226ppm, MI=0.94cm, MAXI=1.55cm, PC=1.000
      </PeakPickDetails>
    </PeakList1DHeader>
    <Peak1D F1="3.329319" intensity="1.133775" type="0"/>
  </PeakList1D>
  <PeakList1D>
    <PeakList1DHeader creator="arun" date="2021-04-02T16:14:19" expNo="15" name="Fouzia" owner="" procNo="1" source="/home/arun/Documents">
      <PeakPickDetails>F1=2.538229ppm, F2=2.474418ppm, MI=1.72cm, MAXI=2.99cm, PC=1.000
      </PeakPickDetails>
    </PeakList1DHeader>
    <Peak1D F1="2.500313" intensity="2.257319" type="0"/>
  </PeakList1D>
  <PeakList1D>
    <PeakList1DHeader creator="arun" date="2021-04-02T16:14:19" expNo="15" name="Fouzia" owner="" procNo="1" source="/home/arun/Documents">
      <PeakPickDetails>F1=2.066742ppm, F2=1.988752ppm, MI=13.19cm, MAXI=14.63cm, PC=1.000
      </PeakPickDetails>
    </PeakList1DHeader>
    <Peak1D F1="2.02249" intensity="13.80144" type="0"/>
  </PeakList1D>
  <PeakList1D>
    <PeakList1DHeader creator="arun" date="2021-04-02T16:14:19" expNo="15" name="Fouzia" owner="" procNo="1" source="/home/arun/Documents">
      <PeakPickDetails>F1=1.098954ppm, F2=1.017418ppm, MI=0.26cm, MAXI=0.67cm, PC=1.000
      </PeakPickDetails>
    </PeakList1DHeader>
    <Peak1D F1="1.061864" intensity="0.3187156" type="0"/>
    <Peak1D F1="1.05309" intensity="0.6129195" type="0"/>
    <Peak1D F1="1.044404" intensity="0.3099923" type="0"/>
  </PeakList1D>
</PeakList>
